[{"id":"f49cc28.548134","type":"ui_form","z":"a4e3cab2.a516a8","name":"","label":"","group":"9af30ffb.9df11","order":0,"width":0,"height":0,"options":[{"label":"Current in Amps","value":"a","type":"number","required":true},{"label":"Power Factor","value":"b","type":"number","required":true},{"label":"Input Power in Watts","value":"c","type":"number","required":true},{"label":"Output Power in Watts\t","value":"d","type":"number","required":true},{"label":"Time","value":"e","type":"number","required":true},{"label":"TP","value":"f","type":"number","required":true},{"label":"PDR","value":"g","type":"number","required":true},{"label":"Delay","value":"h","type":"number","required":true}],"formValue":{"a":"","b":"","c":"","d":"","e":"","f":"","g":"","h":""},"payload":"","submit":"submit","cancel":"cancel","topic":"","x":55,"y":110,"wires":[["282e8bd6.7cb394"]]},{"id":"282e8bd6.7cb394","type":"function","z":"a4e3cab2.a516a8","name":"parameters","func":"global.set(\"a\",msg.payload.a)\nglobal.set(\"b\",msg.payload.b)\nglobal.set(\"c\",msg.payload.c)\nglobal.set(\"d\",msg.payload.d)\nglobal.set(\"e\",msg.payload.e)\nglobal.set(\"f\",msg.payload.f)\nglobal.set(\"g\",msg.payload.g)\nglobal.set(\"h\",msg.payload.h)\nreturn msg;\n\n\n","outputs":1,"noerr":0,"x":222,"y":179,"wires":[["35400d1b.435992"]]},{"id":"7066a49f.09323c","type":"function","z":"a4e3cab2.a516a8","name":"prediction","func":"var token=msg.payload.token\nvar a=global.get('a')\nvar b=global.get('b')\nvar c=global.get('c')\nvar d=global.get('d')\nvar e=global.get('e')\nvar f=global.get('f')\nvar g=global.get('g')\nvar h=global.get('h')\nmsg.payload={\"fields\":[\"Current in Amps\",\"Power Factor\",\"Input Power in Watts\",\"Output Power in Watts\",\"Time\",\"TP\",\"PDR\",\"Delay\"],values:[[a,b,c,d,e,f,g,h]]}\nmsg.headers={\"Authorization\":\"Bearer \"+token}\nreturn msg;\n\n\n\n","outputs":1,"noerr":0,"x":373,"y":240,"wires":[["94f25f61.be371"]]},{"id":"35400d1b.435992","type":"http request","z":"a4e3cab2.a516a8","name":"","method":"GET","ret":"obj","paytoqs":false,"url":"https://eu-gb.ml.cloud.ibm.com/v3/identity/token","tls":"","proxy":"","authType":"basic","x":147,"y":284,"wires":[["7066a49f.09323c","543e7add.6bc0e4"]]},{"id":"94f25f61.be371","type":"http request","z":"a4e3cab2.a516a8","name":"","method":"POST","ret":"obj","paytoqs":false,"url":"https://eu-gb.ml.cloud.ibm.com/v3/wml_instances/de7920e3-79e5-4622-b111-77d02d9dde74/deployments/6d73a367-44cf-44c0-a784-b1996704ebef/online","tls":"","proxy":"","authType":"basic","x":544,"y":168,"wires":[["a6dc7746.58bf48","39a9b6e3.467caa"]]},{"id":"39a9b6e3.467caa","type":"function","z":"a4e3cab2.a516a8","name":"","func":"msg.payload=msg.payload.values[0]\nreturn msg;","outputs":1,"noerr":0,"x":671,"y":247,"wires":[["f6b47808.b56518"]]},{"id":"543e7add.6bc0e4","type":"debug","z":"a4e3cab2.a516a8","name":"","active":true,"tosidebar":true,"console":false,"tostatus":false,"complete":"payload","targetType":"msg","x":458,"y":312,"wires":[]},{"id":"a6dc7746.58bf48","type":"debug","z":"a4e3cab2.a516a8","name":"","active":true,"tosidebar":true,"console":false,"tostatus":false,"complete":"payload","targetType":"msg","x":762,"y":121,"wires":[]},{"id":"f6b47808.b56518","type":"ui_text","z":"a4e3cab2.a516a8","group":"9af30ffb.9df11","order":0,"width":0,"height":0,"name":"","label":"Efficiency","format":"{{msg.payload}}","layout":"row-spread","x":770,"y":324,"wires":[]},{"id":"9af30ffb.9df11","type":"ui_group","z":"","name":"Input Parameters","tab":"d35bf693.943c28","disp":true,"width":"6","collapse":false},{"id":"d35bf693.943c28","type":"ui_tab","z":"","name":"Home","icon":"dashboard","disabled":false,"hidden":false}]